date,category,region,channel,sales_amount,units_sold,discount_pct,customer_rating,return_rate,marketing_spend,profit_margin,num_reviews,high_value
2023-01-01,Clothing,South,Mobile App,1039.74,79,0.249,3.9,0.077,463.86,0.069,131,0
2023-01-01,Home & Garden,West,Online,1233.51,8,0.166,4.0,0.131,67.47,0.372,96,1
2023-01-02,Clothing,North,Online,994.58,145,0.224,3.9,0.098,804.76,0.168,84,0
2023-01-02,Books,West,Online,1279.22,41,0.304,3.0,0.112,490.86,0.083,144,1
2023-01-03,Books,West,Mobile App,1063.09,87,0.251,4.2,0.086,314.22,0.423,422,0
2023-01-03,Electronics,South,Online,1257.96,85,0.075,4.8,0.137,945.91,0.204,215,1
2023-01-04,Books,Central,Online,1138.74,88,0.213,3.9,0.148,185.14,0.259,481,0
2023-01-04,Books,North,In-Store,1260.41,72,0.288,2.5,0.132,357.63,0.2,228,1
2023-01-05,Sports,North,In-Store,1003.78,69,0.254,4.7,0.173,347.51,0.159,349,0
2023-01-05,Sports,East,Online,1186.37,55,0.347,4.4,0.023,678.08,0.405,312,1
2023-01-06,Sports,North,Online,1009.39,87,0.18,4.2,0.106,857.06,0.21,389,0
2023-01-06,Home & Garden,North,In-Store,1245.77,137,0.182,4.1,0.16,669.62,0.111,129,1
2023-01-07,Electronics,East,Online,1160.05,101,0.087,3.9,0.158,134.54,0.289,80,1
2023-01-07,Books,West,Online,1279.24,47,0.329,3.4,0.025,288.53,0.111,351,1
2023-01-08,Clothing,South,Mobile App,1351.07,143,0.222,2.6,0.14,667.9,0.181,376,1
2023-01-08,Electronics,Central,Mobile App,1100.68,8,0.048,4.6,0.059,992.11,0.311,486,0
2023-01-09,Sports,Central,Online,1307.28,104,0.255,4.1,0.083,251.72,0.072,317,1
2023-01-09,Sports,South,Mobile App,1007.27,77,0.027,4.0,0.108,563.95,0.112,472,0
2023-01-10,Sports,South,Online,1398.36,42,0.211,3.5,0.103,165.91,0.123,471,1
2023-01-10,Sports,West,In-Store,1093.76,87,0.105,3.2,0.069,985.6,0.441,324,0
2023-01-11,Books,West,Mobile App,1160.29,60,0.185,4.8,0.181,716.31,0.436,136,1
2023-01-11,Home & Garden,South,Online,1018.77,43,0.018,3.0,0.083,942.05,0.268,68,0
2023-01-12,Books,Central,Online,1024.05,129,0.227,2.9,0.146,480.17,0.104,147,0
2023-01-12,Books,South,In-Store,1287.03,12,0.094,3.9,0.178,157.77,0.221,323,1
2023-01-13,Electronics,North,Online,1086.1,109,0.114,4.7,0.176,238.57,0.407,447,0
2023-01-13,Home & Garden,South,In-Store,1227.48,130,0.121,4.8,0.164,997.06,0.303,336,1
2023-01-14,Books,North,In-Store,919.07,17,0.33,4.3,0.024,206.64,0.08,15,0
2023-01-14,Electronics,West,Online,1383.58,7,0.116,3.1,0.102,224.28,0.34,272,1
2023-01-15,Books,South,Mobile App,1139.32,80,0.225,4.3,0.147,614.43,0.197,116,0
2023-01-15,Books,Central,In-Store,939.48,133,0.03,4.8,0.127,277.99,0.413,306,0
2023-01-16,Books,East,In-Store,1132.42,131,0.048,4.0,0.103,440.81,0.109,305,0
2023-01-16,Sports,North,In-Store,1037.8,148,0.091,4.0,0.116,724.63,0.449,104,0
2023-01-17,Home & Garden,North,In-Store,1007.02,21,0.292,3.7,0.024,309.3,0.33,164,0
2023-01-17,Clothing,East,Online,1147.27,109,0.367,4.3,0.174,170.07,0.133,367,1
2023-01-18,Sports,South,Mobile App,1020.96,3,0.288,3.0,0.081,76.45,0.175,93,0
2023-01-18,Clothing,North,In-Store,1118.39,58,0.24,2.6,0.042,374.35,0.358,487,0
2023-01-19,Home & Garden,West,Mobile App,1025.77,110,0.026,4.2,0.062,476.34,0.185,200,0
2023-01-19,Electronics,Central,In-Store,1144.49,27,0.161,4.2,0.194,641.6,0.304,167,0
2023-01-20,Home & Garden,West,Online,990.52,139,0.351,4.0,0.033,917.57,0.427,196,0
2023-01-20,Clothing,West,In-Store,1121.52,114,0.063,3.7,0.186,816.42,0.209,441,0
2023-01-21,Home & Garden,East,Mobile App,1190.01,107,0.353,4.4,0.148,849.91,0.053,202,1
2023-01-21,Books,East,Online,1225.8,143,0.351,5.0,0.049,229.92,0.262,425,1
2023-01-22,Home & Garden,Central,Mobile App,1201.08,40,0.33,3.3,0.056,508.58,0.259,340,1
2023-01-22,Home & Garden,South,Online,1095.47,135,0.132,3.1,0.054,54.78,0.343,184,0
2023-01-23,Electronics,Central,Online,1123.85,28,0.136,3.8,0.067,107.09,0.42,321,0
2023-01-23,Books,South,Mobile App,1319.64,129,0.289,4.7,0.026,788.58,0.419,148,1
2023-01-24,Books,Central,Mobile App,1241.42,8,0.109,2.7,0.171,689.2,0.375,401,1
2023-01-24,Books,Central,Online,1009.32,51,0.396,4.1,0.15,909.53,0.44,264,0
2023-01-25,Home & Garden,North,Online,1115.12,101,0.161,4.5,0.033,738.04,0.38,182,0
2023-01-25,Electronics,Central,Online,1084.53,5,0.25,4.1,0.114,665.14,0.383,362,0
2023-01-26,Clothing,East,Online,1141.66,5,0.213,3.9,0.197,309.39,0.171,99,0
2023-01-26,Books,East,Mobile App,1085.33,124,0.041,4.7,0.171,517.97,0.368,412,0
2023-01-27,Books,West,Online,1045.35,94,0.335,4.4,0.083,218.33,0.437,341,0
2023-01-27,Electronics,South,In-Store,1192.54,107,0.076,4.5,0.098,651.74,0.179,151,1
2023-01-28,Books,West,In-Store,1043.6,101,0.313,3.8,0.081,815.25,0.356,73,0
2023-01-28,Clothing,East,Mobile App,1172.04,96,0.114,3.0,0.151,329.55,0.301,319,1
2023-01-29,Sports,South,Online,1291.82,4,0.286,3.6,0.181,427.99,0.107,364,1
2023-01-29,Books,Central,Online,1098.41,8,0.172,4.3,0.174,159.06,0.422,213,0
2023-01-30,Books,West,In-Store,1235.81,110,0.237,5.0,0.121,815.68,0.313,400,1
2023-01-30,Sports,South,Mobile App,1127.52,64,0.107,4.0,0.136,944.46,0.32,277,0
2023-01-31,Home & Garden,North,In-Store,1107.03,138,0.316,4.7,0.082,795.0,0.173,161,0
2023-01-31,Clothing,South,In-Store,1100.12,19,0.358,3.1,0.115,612.42,0.307,273,0
2023-02-01,Electronics,Central,Mobile App,996.87,32,0.233,3.9,0.112,207.61,0.06,41,0
2023-02-01,Sports,West,Online,1307.57,38,0.229,4.6,0.151,489.27,0.198,438,1
2023-02-02,Clothing,West,In-Store,1162.44,111,0.264,3.3,0.041,871.71,0.27,156,1
2023-02-02,Clothing,Central,In-Store,1238.57,137,0.187,4.2,0.074,73.45,0.365,495,1
2023-02-03,Home & Garden,East,In-Store,1082.95,112,0.101,3.2,0.066,286.99,0.366,421,0
2023-02-03,Clothing,Central,Online,1117.5,12,0.136,4.3,0.157,394.62,0.411,211,0
2023-02-04,Sports,North,Mobile App,1222.16,139,0.376,3.0,0.051,569.36,0.157,100,1
2023-02-04,Books,West,In-Store,1237.32,81,0.088,5.0,0.109,731.26,0.177,250,1
2023-02-05,Home & Garden,Central,Mobile App,1077.7,136,0.195,3.8,0.115,863.33,0.282,365,0
2023-02-05,Electronics,West,Mobile App,992.13,46,0.033,4.1,0.188,847.83,0.375,44,0
2023-02-06,Electronics,Central,In-Store,1195.83,104,0.295,4.8,0.004,388.93,0.188,96,1
2023-02-06,Electronics,Central,Online,1068.36,119,0.372,4.5,0.179,171.11,0.083,81,0
2023-02-07,Home & Garden,East,In-Store,1026.01,73,0.21,2.9,0.189,769.59,0.376,17,0
2023-02-07,Electronics,North,Mobile App,1113.44,16,0.331,2.6,0.067,810.2,0.29,16,0
2023-02-08,Electronics,Central,In-Store,1080.08,49,0.013,4.1,0.139,330.32,0.237,326,0
2023-02-08,Electronics,West,Mobile App,1113.56,129,0.052,4.8,0.146,869.86,0.244,72,0
2023-02-09,Electronics,South,Online,1070.67,63,0.226,2.6,0.115,193.15,0.268,13,0
2023-02-09,Home & Garden,South,Online,1205.53,36,0.347,4.5,0.099,333.91,0.081,448,1
2023-02-10,Sports,North,Mobile App,1153.46,109,0.347,3.4,0.068,859.01,0.42,432,1
2023-02-10,Electronics,East,Online,1252.21,126,0.026,4.9,0.187,151.7,0.116,382,1
2023-02-11,Clothing,South,Mobile App,1210.08,68,0.382,3.3,0.088,468.06,0.074,96,1
2023-02-11,Books,East,Online,1015.27,119,0.229,2.5,0.198,991.88,0.399,156,0
2023-02-12,Sports,North,Mobile App,1190.24,78,0.01,4.3,0.196,743.23,0.25,0,1
2023-02-12,Clothing,North,Online,1086.42,21,0.363,2.7,0.005,740.5,0.364,222,0
2023-02-13,Books,South,Online,1178.43,105,0.278,3.8,0.102,943.21,0.093,215,1
2023-02-13,Electronics,North,In-Store,1104.67,13,0.377,4.8,0.051,795.53,0.159,131,0
2023-02-14,Home & Garden,North,Mobile App,1087.14,122,0.033,2.7,0.023,623.61,0.096,131,0
2023-02-14,Books,West,In-Store,1133.52,4,0.169,3.4,0.104,994.69,0.415,337,0
2023-02-15,Sports,North,Online,1150.62,119,0.364,4.2,0.153,869.98,0.426,259,1
2023-02-15,Books,South,Mobile App,1146.72,102,0.151,3.6,0.104,625.21,0.089,403,1
2023-02-16,Books,South,In-Store,1174.04,114,0.186,4.2,0.136,831.37,0.399,124,1
2023-02-16,Clothing,East,Mobile App,997.34,59,0.375,3.0,0.118,342.49,0.391,375,0
2023-02-17,Sports,Central,Online,962.21,128,0.27,4.0,0.15,845.65,0.181,375,0
2023-02-17,Books,East,In-Store,1298.02,10,0.055,4.8,0.155,214.68,0.231,81,1
2023-02-18,Home & Garden,Central,Mobile App,1184.88,27,0.046,4.0,0.125,633.76,0.072,46,1
2023-02-18,Electronics,Central,Mobile App,1243.38,149,0.136,3.7,0.19,511.53,0.444,282,1
2023-02-19,Home & Garden,North,Online,1107.08,69,0.017,3.4,0.12,602.14,0.318,106,0
2023-02-19,Clothing,Central,Online,1077.18,140,0.066,3.1,0.155,161.08,0.05,170,0
2023-02-20,Clothing,North,Online,1246.35,91,0.068,2.6,0.122,698.05,0.296,58,1
2023-02-20,Books,West,Online,1018.55,25,0.226,3.3,0.011,290.95,0.143,107,0
2023-02-21,Sports,North,Mobile App,1191.7,2,0.379,3.5,0.171,952.4,0.297,31,1
2023-02-21,Clothing,West,Mobile App,1200.57,131,0.372,4.7,0.075,768.52,0.147,264,1
2023-02-22,Clothing,East,Online,1170.32,118,0.178,3.3,0.135,180.23,0.233,160,1
2023-02-22,Home & Garden,Central,Online,1083.89,97,0.338,3.5,0.046,127.58,0.172,204,0
2023-02-23,Books,East,In-Store,1167.25,25,0.27,3.7,0.053,928.07,0.075,78,1
2023-02-23,Home & Garden,West,In-Store,1275.25,13,0.316,4.4,0.082,747.19,0.209,283,1
2023-02-24,Clothing,South,Mobile App,1310.51,95,0.256,3.4,0.177,650.63,0.232,105,1
2023-02-24,Sports,South,Mobile App,1076.68,148,0.056,3.2,0.111,359.53,0.121,154,0
2023-02-25,Sports,North,Mobile App,1304.13,144,0.271,4.9,0.044,604.42,0.216,104,1
2023-02-25,Home & Garden,East,In-Store,1234.64,126,0.102,4.5,0.04,171.39,0.052,270,1
2023-02-26,Books,South,Mobile App,1208.82,133,0.35,3.5,0.059,470.25,0.228,475,1
2023-02-26,Clothing,Central,Online,1163.96,32,0.053,4.9,0.143,420.61,0.342,438,1
2023-02-27,Home & Garden,East,Mobile App,1207.7,32,0.094,4.1,0.176,387.38,0.104,227,1
2023-02-27,Books,Central,Online,1047.2,9,0.073,3.8,0.047,90.35,0.084,484,0
2023-02-28,Electronics,South,Mobile App,1143.69,116,0.111,3.1,0.19,700.39,0.323,246,0
2023-02-28,Electronics,South,Online,1260.16,124,0.315,4.8,0.146,92.99,0.129,187,1
2023-03-01,Sports,East,Online,1312.79,11,0.388,4.4,0.139,257.01,0.122,69,1
2023-03-01,Sports,West,In-Store,1116.56,134,0.052,5.0,0.189,907.57,0.144,18,0
2023-03-02,Electronics,South,Online,1197.38,10,0.105,3.9,0.151,64.42,0.155,317,1
2023-03-02,Electronics,North,Online,1173.51,60,0.27,3.2,0.122,845.4,0.427,345,1
2023-03-03,Clothing,North,Mobile App,986.04,121,0.378,4.4,0.185,171.0,0.399,435,0
2023-03-03,Electronics,South,Online,1221.7,15,0.109,3.0,0.093,602.35,0.26,463,1
2023-03-04,Electronics,North,Online,1148.76,17,0.189,3.6,0.175,150.56,0.094,289,1
2023-03-04,Electronics,Central,Mobile App,1117.44,139,0.108,3.6,0.157,169.96,0.166,25,0
2023-03-05,Books,East,Mobile App,1142.15,146,0.394,3.9,0.041,879.37,0.397,86,0
2023-03-05,Electronics,West,Mobile App,1146.69,108,0.19,3.0,0.118,822.76,0.363,216,1
2023-03-06,Books,East,In-Store,1303.31,59,0.108,4.7,0.025,546.99,0.169,369,1
2023-03-06,Home & Garden,East,In-Store,920.89,108,0.254,4.5,0.001,928.04,0.371,153,0
2023-03-07,Books,West,In-Store,966.63,131,0.4,3.3,0.155,487.64,0.445,153,0
2023-03-07,Electronics,Central,In-Store,1347.14,78,0.163,3.7,0.057,714.71,0.115,361,1
2023-03-08,Sports,Central,Mobile App,1233.09,124,0.357,4.7,0.106,440.31,0.32,471,1
2023-03-08,Sports,North,Mobile App,897.98,76,0.042,4.7,0.14,524.02,0.289,173,0
2023-03-09,Home & Garden,North,Mobile App,1319.21,114,0.001,4.2,0.102,582.55,0.065,55,1
2023-03-09,Electronics,North,Online,1039.52,30,0.199,4.8,0.123,352.35,0.083,91,0
2023-03-10,Home & Garden,North,In-Store,1267.81,22,0.016,2.8,0.164,945.53,0.298,112,1
2023-03-10,Sports,West,Online,1118.56,21,0.154,4.6,0.152,899.55,0.309,432,0
2023-03-11,Clothing,West,In-Store,1187.1,32,0.242,5.0,0.081,128.6,0.329,12,1
2023-03-11,Electronics,West,In-Store,1181.55,34,0.346,2.6,0.103,662.66,0.3,337,1
2023-03-12,Sports,Central,In-Store,1267.32,113,0.363,3.8,0.097,291.24,0.136,439,1
2023-03-12,Clothing,North,Online,1067.62,41,0.19,4.5,0.141,323.84,0.305,479,0
2023-03-13,Electronics,East,In-Store,1192.44,51,0.044,3.5,0.187,333.84,0.173,180,1
2023-03-13,Books,South,In-Store,1361.03,120,0.096,3.5,0.003,790.99,0.067,17,1
2023-03-14,Home & Garden,Central,Mobile App,952.33,82,0.254,4.7,0.075,896.64,0.394,130,0
2023-03-14,Electronics,East,In-Store,1234.57,149,0.188,4.1,0.082,143.8,0.195,181,1
2023-03-15,Books,Central,In-Store,927.18,58,0.308,4.1,0.142,62.95,0.434,449,0
2023-03-15,Clothing,North,Online,1361.94,122,0.18,2.8,0.13,121.88,0.089,460,1
2023-03-16,Home & Garden,East,Mobile App,1026.4,32,0.189,4.1,0.003,393.46,0.097,112,0
2023-03-16,Clothing,West,In-Store,1059.84,75,0.001,4.6,0.095,356.59,0.137,480,0
2023-03-17,Books,East,Online,1300.82,119,0.249,3.7,0.056,137.56,0.152,228,1
2023-03-17,Electronics,Central,Mobile App,1095.98,23,0.344,3.7,0.135,576.64,0.085,297,0
2023-03-18,Sports,North,Online,1063.73,128,0.074,3.8,0.153,190.81,0.128,274,0
2023-03-18,Books,West,In-Store,1241.0,39,0.188,3.5,0.042,605.82,0.168,170,1
2023-03-19,Clothing,North,In-Store,902.17,17,0.221,2.9,0.009,137.49,0.378,272,0
2023-03-19,Electronics,Central,In-Store,1208.96,12,0.179,4.9,0.008,264.96,0.262,294,1
2023-03-20,Home & Garden,North,In-Store,1238.95,18,0.19,3.8,0.096,900.91,0.321,188,1
2023-03-20,Clothing,West,In-Store,1061.77,69,0.166,4.5,0.129,824.51,0.321,491,0
2023-03-21,Sports,East,Online,1071.22,149,0.236,3.0,0.036,794.33,0.287,425,0
2023-03-21,Electronics,West,Mobile App,966.02,108,0.288,3.5,0.045,899.68,0.304,416,0
2023-03-22,Books,North,Online,1211.14,141,0.215,3.6,0.149,714.72,0.109,464,1
2023-03-22,Clothing,West,Online,1125.54,139,0.148,3.8,0.134,832.43,0.211,75,0
2023-03-23,Sports,East,In-Store,1103.01,94,0.348,4.5,0.094,903.85,0.281,176,0
2023-03-23,Electronics,South,In-Store,1255.67,149,0.342,4.8,0.17,636.1,0.119,78,1
2023-03-24,Clothing,Central,Mobile App,1000.33,15,0.292,4.0,0.155,575.46,0.173,183,0
2023-03-24,Sports,West,Online,1343.6,126,0.02,2.9,0.109,870.29,0.402,145,1
2023-03-25,Home & Garden,South,Online,1182.06,136,0.333,3.0,0.196,261.91,0.273,406,1
2023-03-25,Sports,West,In-Store,1036.38,91,0.259,3.0,0.025,821.65,0.241,318,0
2023-03-26,Books,North,In-Store,1156.89,46,0.338,2.5,0.09,879.45,0.398,181,1
2023-03-26,Electronics,South,Mobile App,994.84,33,0.318,4.0,0.125,414.84,0.367,130,0
2023-03-27,Books,South,Online,1076.76,125,0.302,3.5,0.056,682.95,0.442,362,0
2023-03-27,Sports,North,Online,1179.37,104,0.114,2.5,0.103,800.02,0.199,498,1
2023-03-28,Sports,Central,Mobile App,1290.57,135,0.185,4.6,0.198,760.75,0.296,285,1
2023-03-28,Clothing,North,Online,1160.52,16,0.014,3.7,0.171,989.39,0.423,48,1
2023-03-29,Sports,East,Mobile App,1241.36,86,0.175,4.3,0.046,583.19,0.259,249,1
2023-03-29,Books,Central,Online,1007.69,66,0.158,2.6,0.186,264.44,0.424,54,0
2023-03-30,Books,East,Mobile App,1170.31,89,0.087,3.4,0.189,283.93,0.178,353,1
2023-03-30,Sports,West,Online,1129.43,47,0.372,3.0,0.199,420.4,0.211,153,0
2023-03-31,Clothing,South,In-Store,1049.37,148,0.05,3.2,0.159,506.05,0.238,354,0
2023-03-31,Books,South,Mobile App,1251.27,22,0.159,4.2,0.009,452.37,0.238,313,1
2023-04-01,Home & Garden,Central,In-Store,1031.15,124,0.295,4.3,0.151,181.11,0.332,199,0
2023-04-01,Clothing,West,In-Store,1215.4,92,0.018,3.5,0.089,803.89,0.251,195,1
2023-04-02,Books,North,Online,1088.92,1,0.39,2.5,0.043,126.99,0.419,307,0
2023-04-02,Home & Garden,East,In-Store,1282.45,29,0.111,4.9,0.014,80.19,0.13,322,1
2023-04-03,Electronics,Central,In-Store,1146.02,13,0.327,4.9,0.146,792.95,0.176,70,0
2023-04-03,Clothing,East,Online,1017.69,87,0.021,3.5,0.067,838.24,0.107,355,0
2023-04-04,Sports,South,Mobile App,1173.11,2,0.114,3.5,0.122,278.07,0.367,247,1
2023-04-04,Books,Central,Online,1059.34,128,0.273,4.8,0.093,977.95,0.172,372,0
2023-04-05,Clothing,Central,In-Store,1011.04,67,0.187,2.8,0.155,434.49,0.106,117,0
2023-04-05,Clothing,South,Mobile App,1165.0,29,0.327,4.6,0.141,187.09,0.416,145,1
2023-04-06,Electronics,Central,Online,1076.24,27,0.213,4.4,0.075,159.92,0.194,105,0
2023-04-06,Electronics,East,Online,1267.39,4,0.232,3.8,0.183,133.27,0.295,262,1
2023-04-07,Clothing,West,Online,1213.88,50,0.352,3.3,0.074,75.89,0.173,262,1
2023-04-07,Books,Central,Online,1116.49,47,0.034,4.5,0.038,112.52,0.173,45,0
2023-04-08,Books,Central,Mobile App,1207.87,95,0.23,3.1,0.009,547.41,0.128,295,1
2023-04-08,Home & Garden,North,Online,1061.24,38,0.017,4.9,0.184,896.75,0.18,301,0
2023-04-09,Sports,West,Mobile App,1184.1,88,0.012,3.6,0.07,257.35,0.321,69,1
2023-04-09,Home & Garden,North,Mobile App,1137.99,143,0.267,4.4,0.139,490.62,0.078,355,0
2023-04-10,Sports,East,Online,1115.64,21,0.329,4.3,0.122,354.03,0.19,399,0
2023-04-10,Electronics,Central,Mobile App,1161.54,44,0.27,4.5,0.186,989.96,0.179,469,1
2023-04-11,Clothing,West,Mobile App,1110.81,57,0.313,4.6,0.04,502.64,0.395,407,0
2023-04-11,Electronics,Central,Mobile App,1063.63,22,0.018,4.9,0.076,595.71,0.445,192,0
2023-04-12,Electronics,North,Online,1139.68,97,0.18,4.4,0.166,180.99,0.18,67,0
2023-04-12,Books,South,Mobile App,1181.57,117,0.218,3.6,0.011,352.39,0.143,188,1
2023-04-13,Sports,West,Online,1197.08,46,0.04,4.5,0.114,514.58,0.328,309,1
2023-04-13,Electronics,South,Mobile App,1142.32,3,0.372,4.6,0.168,704.32,0.208,493,0
2023-04-14,Electronics,Central,Online,1101.89,118,0.066,4.0,0.075,902.86,0.291,304,0
2023-04-14,Books,Central,Mobile App,1098.17,142,0.275,2.5,0.13,866.58,0.302,317,0
2023-04-15,Clothing,Central,Mobile App,1149.44,19,0.156,4.6,0.126,757.92,0.371,51,1
2023-04-15,Clothing,South,Online,1098.77,145,0.097,4.8,0.042,612.69,0.395,128,0
2023-04-16,Sports,East,Mobile App,1190.87,23,0.292,4.5,0.019,122.62,0.238,369,1
2023-04-16,Home & Garden,East,In-Store,1127.14,39,0.364,3.6,0.111,709.92,0.103,48,0
2023-04-17,Electronics,East,In-Store,969.39,137,0.335,3.9,0.171,396.44,0.441,24,0
2023-04-17,Books,South,Mobile App,1305.59,30,0.353,3.4,0.021,901.09,0.219,362,1
2023-04-18,Home & Garden,South,In-Store,1036.8,99,0.284,3.1,0.167,751.58,0.283,265,0
2023-04-18,Books,East,Online,1164.75,39,0.268,3.9,0.01,804.23,0.448,284,1
2023-04-19,Books,South,Online,1167.42,108,0.103,4.5,0.116,200.39,0.054,404,1
2023-04-19,Sports,North,In-Store,1271.92,77,0.38,4.4,0.185,683.29,0.448,117,1
2023-04-20,Electronics,South,Mobile App,1298.81,115,0.013,2.7,0.073,163.58,0.415,463,1
2023-04-20,Books,East,In-Store,1136.84,111,0.27,2.6,0.085,99.2,0.408,473,0
2023-04-21,Clothing,Central,Mobile App,985.22,25,0.119,4.5,0.11,579.45,0.11,333,0
2023-04-21,Sports,Central,Online,1152.0,134,0.294,4.7,0.064,594.01,0.139,143,1
2023-04-22,Home & Garden,Central,In-Store,1132.49,128,0.287,2.9,0.104,198.23,0.364,8,0
2023-04-22,Clothing,North,Online,1222.82,91,0.132,4.6,0.15,293.91,0.072,441,1
2023-04-23,Sports,North,In-Store,1135.27,111,0.382,3.8,0.07,842.86,0.297,250,0
2023-04-23,Electronics,East,Online,1206.45,98,0.362,3.0,0.086,813.89,0.152,199,1
2023-04-24,Electronics,East,Online,1323.32,136,0.289,4.5,0.135,390.42,0.187,430,1
2023-04-24,Sports,South,In-Store,1432.78,120,0.107,4.5,0.018,454.64,0.261,156,1
2023-04-25,Home & Garden,West,Online,1106.63,106,0.345,3.1,0.152,917.25,0.4,331,0
2023-04-25,Clothing,West,In-Store,1281.01,46,0.29,4.5,0.057,994.95,0.119,486,1
2023-04-26,Books,North,In-Store,1141.88,144,0.001,3.1,0.003,587.4,0.055,297,0
2023-04-26,Home & Garden,West,Online,1186.26,38,0.351,4.1,0.084,137.88,0.117,347,1
2023-04-27,Home & Garden,East,Mobile App,1110.68,72,0.287,3.5,0.041,223.54,0.141,434,0
2023-04-27,Clothing,Central,In-Store,1125.15,142,0.017,3.4,0.059,791.33,0.235,133,0
2023-04-28,Sports,East,Online,1015.63,129,0.332,4.7,0.143,182.62,0.277,183,0
2023-04-28,Books,West,Online,1078.23,100,0.159,3.2,0.066,690.02,0.063,399,0
2023-04-29,Electronics,North,Mobile App,1196.2,108,0.016,2.5,0.077,597.65,0.191,178,1
2023-04-29,Clothing,South,Online,1228.23,72,0.305,3.1,0.059,779.12,0.099,147,1
2023-04-30,Electronics,Central,Mobile App,1160.56,5,0.349,4.8,0.132,773.79,0.294,197,1
2023-04-30,Clothing,South,Online,1156.71,35,0.182,3.3,0.008,342.15,0.216,335,1
2023-05-01,Books,West,Online,1108.74,147,0.107,4.8,0.127,517.45,0.075,70,0
2023-05-01,Sports,East,In-Store,1159.29,3,0.103,2.9,0.069,792.43,0.06,127,1
2023-05-02,Sports,Central,In-Store,1018.85,132,0.266,5.0,0.078,311.97,0.097,19,0
2023-05-02,Sports,South,Online,1176.15,30,0.088,2.7,0.119,806.68,0.209,232,1
2023-05-03,Sports,Central,Online,1146.74,78,0.053,4.6,0.131,270.91,0.24,333,1
2023-05-03,Books,North,In-Store,1199.41,104,0.32,4.9,0.032,244.03,0.101,471,1
2023-05-04,Electronics,Central,In-Store,970.61,64,0.265,3.7,0.052,65.92,0.126,410,0
2023-05-04,Clothing,North,Online,1373.66,84,0.343,3.4,0.038,264.73,0.231,298,1
2023-05-05,Books,Central,In-Store,1314.68,113,0.23,3.8,0.059,573.5,0.398,153,1
2023-05-05,Home & Garden,South,Online,1125.27,106,0.037,3.8,0.121,695.24,0.234,421,0
2023-05-06,Clothing,West,Online,1249.13,98,0.239,3.7,0.087,122.74,0.351,327,1
2023-05-06,Books,Central,Online,1249.01,25,0.031,4.5,0.124,547.39,0.262,89,1
2023-05-07,Home & Garden,South,Online,1373.56,88,0.153,4.7,0.12,318.15,0.237,333,1
2023-05-07,Clothing,East,In-Store,990.21,10,0.22,4.1,0.155,449.72,0.412,64,0
2023-05-08,Sports,North,In-Store,1266.91,14,0.147,3.4,0.101,333.17,0.214,198,1
2023-05-08,Sports,West,Online,1019.72,149,0.36,2.7,0.171,621.6,0.384,181,0
2023-05-09,Electronics,South,In-Store,1197.39,102,0.073,3.7,0.07,313.95,0.377,160,1
2023-05-09,Books,Central,In-Store,1068.58,128,0.162,2.6,0.108,940.25,0.129,240,0
2023-05-10,Sports,East,In-Store,1393.73,83,0.174,3.5,0.183,782.94,0.408,25,1
2023-05-10,Clothing,East,Mobile App,1015.91,46,0.128,2.6,0.152,346.21,0.226,368,0
2023-05-11,Electronics,Central,Mobile App,927.74,66,0.3,3.6,0.061,287.28,0.13,23,0
2023-05-11,Sports,South,Online,1320.6,110,0.133,2.5,0.068,669.31,0.391,120,1
2023-05-12,Home & Garden,South,Mobile App,1200.12,131,0.137,3.2,0.091,840.8,0.319,300,1
2023-05-12,Sports,South,Mobile App,1052.89,112,0.165,3.2,0.083,671.45,0.156,383,0
2023-05-13,Electronics,South,Mobile App,1273.5,19,0.296,3.6,0.136,976.7,0.105,211,1
2023-05-13,Home & Garden,North,In-Store,958.06,13,0.258,4.1,0.143,638.28,0.251,430,0
2023-05-14,Home & Garden,North,In-Store,1224.31,28,0.089,3.5,0.109,500.46,0.161,62,1
2023-05-14,Sports,East,Mobile App,1076.59,137,0.259,5.0,0.077,365.5,0.077,454,0
2023-05-15,Electronics,South,Mobile App,1189.38,71,0.257,4.3,0.069,113.36,0.068,450,1
2023-05-15,Home & Garden,South,Online,960.84,86,0.355,3.5,0.118,931.7,0.137,82,0
2023-05-16,Sports,South,Mobile App,1154.1,90,0.239,3.9,0.037,852.62,0.424,469,1
2023-05-17,Sports,East,Mobile App,963.2,58,0.201,3.5,0.12,262.78,0.236,318,0
2023-05-18,Sports,Central,Mobile App,995.88,54,0.056,4.6,0.172,277.19,0.228,184,0
2023-05-19,Home & Garden,South,Online,1082.54,12,0.046,4.8,0.174,536.69,0.056,438,0
2023-05-20,Home & Garden,West,In-Store,914.86,14,0.062,4.7,0.145,784.89,0.149,315,0
2023-05-21,Sports,South,Online,1027.43,121,0.069,4.9,0.149,91.84,0.397,98,0
2023-05-22,Clothing,Central,In-Store,1109.76,121,0.255,2.6,0.112,708.67,0.116,61,0
2023-05-23,Books,Central,In-Store,872.6,20,0.296,4.6,0.117,665.82,0.216,285,0
2023-05-24,Books,West,Mobile App,1012.03,75,0.212,4.4,0.027,269.91,0.056,476,0
2023-05-25,Books,South,In-Store,1014.16,144,0.332,3.1,0.089,697.29,0.241,21,0
2023-05-26,Home & Garden,Central,Online,1052.09,70,0.397,4.9,0.09,943.17,0.058,458,0
2023-05-27,Home & Garden,East,Online,886.83,56,0.328,2.9,0.192,94.45,0.378,211,0
2023-05-28,Clothing,North,In-Store,876.45,101,0.278,4.2,0.086,353.67,0.38,125,0
2023-05-29,Books,North,Mobile App,1020.21,132,0.213,3.1,0.11,466.27,0.365,412,0
2023-05-30,Books,North,Mobile App,998.65,111,0.18,3.6,0.107,904.3,0.163,498,0
2023-05-31,Sports,South,Online,991.44,125,0.034,4.3,0.127,964.15,0.385,424,0
2023-06-01,Home & Garden,West,Mobile App,995.71,132,0.16,3.9,0.15,471.91,0.267,41,0
2023-06-02,Books,Central,In-Store,910.25,20,0.364,3.6,0.045,762.53,0.2,97,0
2023-06-03,Clothing,East,In-Store,979.98,138,0.323,3.3,0.106,555.08,0.3,448,0
2023-06-04,Clothing,East,Online,981.68,24,0.086,4.6,0.165,560.89,0.055,30,0
2023-06-05,Books,South,In-Store,897.99,37,0.187,2.9,0.093,314.19,0.107,157,0
2023-06-06,Home & Garden,North,Online,1101.41,54,0.327,3.6,0.056,256.11,0.347,111,0
2023-06-07,Clothing,South,In-Store,987.14,103,0.027,4.8,0.131,323.61,0.148,401,0
2023-06-08,Sports,West,Online,851.11,149,0.155,4.6,0.165,578.51,0.289,246,0
2023-06-09,Clothing,West,Mobile App,996.22,38,0.341,3.5,0.013,77.7,0.204,121,0
2023-06-10,Electronics,Central,In-Store,863.09,4,0.162,4.4,0.155,911.89,0.392,272,0
2023-06-11,Electronics,Central,In-Store,1001.51,57,0.031,4.6,0.164,198.47,0.431,293,0
2023-06-12,Home & Garden,West,Online,1028.8,20,0.217,4.7,0.092,259.08,0.403,397,0
2023-06-13,Books,West,Online,868.13,17,0.345,3.9,0.197,542.36,0.158,470,0
2023-06-14,Home & Garden,West,In-Store,1008.63,119,0.236,3.0,0.157,724.61,0.128,472,0
2023-06-15,Home & Garden,South,Online,962.47,71,0.091,3.1,0.155,140.94,0.24,206,0
2023-06-16,Home & Garden,West,In-Store,993.2,4,0.154,3.2,0.15,351.81,0.053,109,0
2023-06-17,Home & Garden,East,Mobile App,1077.28,14,0.18,4.0,0.03,970.24,0.06,439,0
2023-06-18,Sports,North,Online,904.12,3,0.232,2.6,0.043,299.23,0.271,277,0
2023-06-19,Sports,West,In-Store,861.78,80,0.304,4.1,0.093,347.4,0.258,450,0
2023-06-20,Clothing,North,Mobile App,849.36,55,0.04,3.4,0.053,844.67,0.448,55,0
2023-06-21,Electronics,South,Mobile App,853.81,132,0.356,3.2,0.083,97.7,0.131,374,0
2023-06-22,Home & Garden,North,In-Store,911.57,120,0.005,4.7,0.178,491.38,0.153,402,0
2023-06-23,Clothing,South,Online,943.82,24,0.148,3.7,0.165,410.64,0.095,56,0
2023-06-24,Electronics,East,In-Store,937.57,82,0.011,2.7,0.126,350.76,0.417,427,0
2023-06-25,Books,South,Mobile App,980.64,147,0.157,4.6,0.172,321.41,0.361,481,0
2023-06-26,Sports,South,In-Store,914.65,60,0.21,2.6,0.157,136.81,0.379,290,0
2023-06-27,Electronics,Central,Online,1029.16,147,0.205,4.3,0.086,349.08,0.411,113,0
2023-06-28,Books,West,Mobile App,891.1,49,0.066,4.4,0.04,90.9,0.26,380,0
2023-06-29,Electronics,West,In-Store,1129.4,63,0.258,3.4,0.103,791.92,0.23,384,0
2023-06-30,Sports,East,Online,961.48,110,0.018,4.6,0.147,428.32,0.182,307,0
2023-07-01,Sports,East,Mobile App,842.62,109,0.305,3.8,0.087,471.71,0.286,340,0
2023-07-02,Clothing,West,Online,825.41,76,0.379,3.7,0.133,898.91,0.232,476,0
2023-07-03,Home & Garden,Central,Mobile App,949.7,30,0.136,2.6,0.019,675.15,0.231,197,0
2023-07-04,Electronics,West,In-Store,893.36,58,0.207,3.2,0.15,57.66,0.425,420,0
2023-07-05,Electronics,Central,Online,968.63,117,0.152,4.8,0.163,946.02,0.444,320,0
2023-07-06,Books,East,Mobile App,949.76,100,0.003,3.5,0.141,275.29,0.369,178,0
2023-07-07,Sports,North,Online,906.6,19,0.154,3.9,0.193,152.23,0.353,384,0
2023-07-08,Electronics,East,Online,845.33,94,0.317,3.8,0.165,779.72,0.322,218,0
2023-07-09,Sports,East,In-Store,792.66,113,0.238,4.0,0.181,525.45,0.116,276,0
2023-07-10,Electronics,South,Online,879.03,146,0.041,2.7,0.187,462.08,0.074,436,0
2023-07-11,Clothing,South,Mobile App,984.29,63,0.339,3.4,0.16,287.03,0.326,15,0
2023-07-12,Home & Garden,South,Mobile App,934.06,116,0.212,4.3,0.135,570.1,0.342,491,0
2023-07-13,Electronics,South,Mobile App,818.56,113,0.337,3.0,0.001,310.67,0.069,378,0
2023-07-14,Sports,Central,Mobile App,933.48,47,0.232,3.0,0.093,906.5,0.421,60,0
2023-07-15,Clothing,West,In-Store,951.98,57,0.224,2.5,0.114,254.44,0.086,53,0
2023-07-16,Electronics,North,Online,852.1,118,0.042,3.6,0.061,890.14,0.164,167,0
2023-07-17,Books,East,In-Store,936.89,45,0.067,4.7,0.064,581.44,0.319,25,0
2023-07-18,Home & Garden,Central,Online,931.15,145,0.389,2.6,0.192,837.06,0.118,335,0
2023-07-19,Electronics,North,Online,837.08,4,0.091,3.0,0.178,727.2,0.072,475,0
2023-07-20,Clothing,Central,Online,959.28,148,0.391,3.3,0.17,711.86,0.182,64,0
2023-07-21,Books,Central,In-Store,977.79,47,0.213,4.3,0.081,358.13,0.356,99,0
2023-07-22,Clothing,East,Online,1021.96,143,0.054,4.1,0.003,272.2,0.215,73,0
2023-07-23,Clothing,West,In-Store,1022.12,47,0.04,3.5,0.016,250.34,0.311,191,0
2023-07-24,Books,South,Mobile App,830.22,78,0.084,4.4,0.062,864.33,0.282,170,0
2023-07-25,Clothing,West,Mobile App,868.14,124,0.37,4.0,0.003,829.41,0.059,272,0
2023-07-26,Books,East,Online,987.22,75,0.166,4.7,0.003,468.54,0.445,376,0
2023-07-27,Electronics,East,In-Store,990.08,103,0.158,4.5,0.183,175.78,0.067,186,0
2023-07-28,Books,East,Mobile App,993.26,137,0.125,3.1,0.141,413.14,0.437,22,0
2023-07-29,Books,North,In-Store,1263.46,90,0.059,3.2,0.062,638.38,0.27,390,1
2023-07-30,Home & Garden,West,In-Store,1004.2,144,0.195,2.8,0.027,481.68,0.435,427,0
2023-07-31,Books,West,Online,1052.77,69,0.052,3.3,0.102,791.18,0.096,180,0
2023-08-01,Books,Central,Mobile App,1041.75,61,0.334,5.0,0.001,997.74,0.246,326,0
2023-08-02,Electronics,Central,Online,1021.15,138,0.148,3.5,0.188,231.58,0.118,107,0
2023-08-03,Home & Garden,Central,Online,947.52,50,0.15,3.1,0.083,486.67,0.07,334,0
2023-08-04,Sports,East,Mobile App,1037.26,3,0.19,4.4,0.08,459.43,0.297,161,0
2023-08-05,Electronics,West,Mobile App,918.62,107,0.178,3.9,0.078,339.27,0.133,301,0
2023-08-06,Electronics,East,In-Store,965.5,113,0.398,2.9,0.014,238.19,0.285,492,0
2023-08-07,Sports,North,Mobile App,949.7,94,0.218,3.5,0.128,112.41,0.095,451,0
2023-08-08,Books,Central,In-Store,999.26,118,0.035,3.5,0.147,892.76,0.183,205,0
2023-08-09,Clothing,East,In-Store,1182.15,81,0.243,4.4,0.135,448.86,0.363,77,1
2023-08-10,Home & Garden,East,In-Store,851.95,109,0.061,2.6,0.028,522.05,0.225,15,0
2023-08-11,Clothing,North,Mobile App,1060.67,51,0.012,3.2,0.116,921.09,0.301,326,0
2023-08-12,Sports,South,Online,881.27,147,0.388,3.8,0.114,787.48,0.309,95,0
2023-08-13,Electronics,West,In-Store,977.13,35,0.309,3.2,0.174,173.98,0.388,146,0
2023-08-14,Electronics,South,Online,1106.67,46,0.392,4.1,0.076,587.15,0.18,1,0
2023-08-15,Home & Garden,Central,Online,1029.44,69,0.191,3.7,0.074,470.14,0.325,9,0
2023-08-16,Electronics,East,Mobile App,942.9,93,0.213,3.4,0.124,807.35,0.435,433,0
2023-08-17,Electronics,North,Online,976.78,64,0.067,4.9,0.127,738.02,0.342,124,0
2023-08-18,Home & Garden,North,Online,1093.32,49,0.099,4.1,0.094,705.89,0.246,80,0
2023-08-19,Home & Garden,West,Mobile App,985.53,149,0.335,2.8,0.089,373.52,0.302,484,0
2023-08-20,Sports,South,In-Store,1066.35,74,0.142,3.9,0.099,814.72,0.346,139,0
2023-08-21,Electronics,West,Online,1057.81,5,0.331,4.5,0.172,99.77,0.295,325,0
2023-08-22,Electronics,East,Mobile App,1007.22,100,0.284,4.3,0.092,201.64,0.057,149,0
2023-08-23,Sports,West,Online,1236.1,70,0.071,2.9,0.188,368.84,0.128,287,1
2023-08-24,Books,North,Online,1120.58,90,0.203,4.9,0.101,122.97,0.374,360,0
2023-08-25,Books,North,In-Store,913.18,4,0.271,3.6,0.19,273.24,0.159,339,0
2023-08-26,Books,Central,Online,1095.48,126,0.094,2.9,0.167,838.64,0.343,128,0
2023-08-27,Sports,Central,Mobile App,1033.03,39,0.332,3.0,0.072,950.84,0.199,437,0
2023-08-28,Electronics,East,Online,1159.61,129,0.218,2.7,0.173,339.37,0.259,238,1
2023-08-29,Sports,South,In-Store,1033.49,24,0.066,4.5,0.022,301.29,0.077,57,0
2023-08-30,Sports,West,In-Store,1093.23,57,0.233,2.8,0.185,315.9,0.122,197,0
2023-08-31,Books,East,Mobile App,1148.34,100,0.4,2.8,0.126,313.83,0.433,210,1
2023-09-01,Clothing,Central,In-Store,1182.76,70,0.06,4.6,0.011,84.13,0.406,401,1
2023-09-02,Electronics,West,Online,1023.06,41,0.327,3.4,0.129,930.57,0.311,389,0
2023-09-03,Books,Central,In-Store,1097.92,60,0.083,2.6,0.195,253.01,0.234,44,0
2023-09-04,Clothing,West,Mobile App,1092.29,108,0.313,2.6,0.014,449.0,0.32,96,0
2023-09-05,Clothing,South,In-Store,1083.65,57,0.294,2.9,0.111,59.2,0.297,278,0
2023-09-06,Home & Garden,East,In-Store,1282.78,31,0.12,3.0,0.15,865.06,0.277,22,1
2023-09-07,Electronics,West,In-Store,1179.58,84,0.13,4.2,0.162,744.6,0.074,409,1
2023-09-08,Clothing,North,Mobile App,1051.95,36,0.317,2.9,0.083,949.42,0.303,460,0
2023-09-09,Books,North,In-Store,1231.88,108,0.185,2.8,0.041,792.53,0.358,390,1
2023-09-10,Home & Garden,West,In-Store,1333.86,106,0.292,4.4,0.008,348.02,0.448,334,1
2023-09-11,Electronics,West,Online,1252.31,86,0.059,4.2,0.116,285.48,0.054,43,1
2023-09-12,Sports,West,Mobile App,1053.77,135,0.341,3.6,0.091,712.83,0.342,26,0
2023-09-13,Books,North,In-Store,1142.18,14,0.284,3.9,0.19,395.91,0.279,281,0
2023-09-14,Clothing,North,Mobile App,1287.85,120,0.363,3.3,0.012,587.9,0.224,96,1
2023-09-15,Clothing,West,In-Store,1135.45,138,0.053,3.7,0.137,55.94,0.101,462,0
2023-09-16,Books,Central,In-Store,1233.1,80,0.237,3.8,0.005,108.79,0.214,35,1
2023-09-17,Clothing,Central,In-Store,1265.07,144,0.24,3.5,0.034,558.6,0.192,108,1
2023-09-18,Home & Garden,South,Online,1134.43,106,0.141,4.8,0.091,587.77,0.171,54,0
2023-09-19,Electronics,East,Online,1209.27,70,0.183,2.5,0.091,763.88,0.342,191,1
2023-09-20,Home & Garden,Central,Online,960.14,44,0.015,4.5,0.137,175.37,0.33,218,0
2023-09-21,Clothing,North,Mobile App,1142.86,73,0.298,2.8,0.182,537.52,0.286,184,0
2023-09-22,Sports,Central,Mobile App,1209.93,45,0.22,4.5,0.128,234.73,0.425,68,1
2023-09-23,Electronics,South,Online,1135.6,107,0.023,4.0,0.191,138.54,0.19,316,0
2023-09-24,Electronics,South,Mobile App,1371.25,84,0.272,4.6,0.176,439.97,0.148,129,1
2023-09-25,Books,East,In-Store,1131.43,82,0.187,2.7,0.117,205.17,0.312,54,0
2023-09-26,Books,Central,In-Store,1215.76,107,0.014,3.9,0.167,260.69,0.13,377,1
2023-09-27,Sports,North,In-Store,1266.5,21,0.388,3.8,0.129,351.68,0.176,96,1
2023-09-28,Electronics,North,Online,1376.35,7,0.38,4.3,0.016,296.42,0.14,335,1
2023-09-29,Sports,West,Mobile App,1151.13,70,0.205,3.8,0.148,133.21,0.078,86,1
2023-09-30,Books,North,Online,1363.94,127,0.037,3.9,0.019,135.42,0.381,293,1
2023-10-01,Books,East,Mobile App,1276.52,143,0.302,3.6,0.119,233.59,0.152,118,1
2023-10-02,Electronics,East,In-Store,1201.92,148,0.197,3.3,0.141,98.03,0.239,207,1
2023-10-03,Home & Garden,North,Online,1322.09,143,0.121,3.7,0.013,645.13,0.067,333,1
2023-10-04,Clothing,North,Mobile App,1305.64,149,0.197,2.8,0.046,322.96,0.33,412,1
2023-10-05,Books,West,Mobile App,1246.21,120,0.209,4.9,0.183,315.76,0.182,153,1
2023-10-06,Books,North,In-Store,1304.25,128,0.225,4.3,0.123,365.4,0.348,34,1
2023-10-07,Home & Garden,West,Online,1272.2,142,0.176,4.9,0.049,679.66,0.215,78,1
2023-10-08,Home & Garden,West,Online,1316.37,57,0.242,3.1,0.138,877.1,0.128,66,1
2023-10-09,Sports,North,Online,1364.44,58,0.367,4.7,0.119,771.13,0.255,342,1
2023-10-10,Sports,South,In-Store,1442.44,21,0.145,4.5,0.1,741.15,0.102,412,1
2023-10-11,Clothing,South,Online,1220.53,82,0.29,4.2,0.195,510.17,0.226,33,1
2023-10-12,Clothing,West,In-Store,1494.1,69,0.358,4.1,0.137,709.12,0.177,96,1
2023-10-13,Electronics,North,In-Store,1171.09,131,0.182,3.3,0.075,575.12,0.415,168,1
2023-10-14,Sports,South,In-Store,1318.82,87,0.177,4.5,0.16,255.44,0.074,168,1
2023-10-15,Books,North,Mobile App,1381.64,49,0.241,3.8,0.177,248.16,0.328,150,1
2023-10-16,Sports,North,Online,1360.55,147,0.237,2.7,0.025,331.57,0.123,70,1
2023-10-17,Books,North,Online,1291.65,115,0.323,3.3,0.04,915.26,0.178,2,1
2023-10-18,Home & Garden,Central,In-Store,1328.11,89,0.191,4.8,0.043,570.04,0.216,313,1
2023-10-19,Sports,North,In-Store,1308.5,85,0.398,4.6,0.138,747.21,0.413,31,1
2023-10-20,Home & Garden,Central,Online,1303.87,128,0.024,5.0,0.121,379.23,0.147,286,1
2023-10-21,Clothing,West,In-Store,1421.95,140,0.001,4.1,0.124,437.33,0.087,81,1
2023-10-22,Clothing,South,Online,1385.39,117,0.256,3.1,0.188,169.29,0.177,42,1
2023-10-23,Electronics,South,Mobile App,1304.13,127,0.119,2.9,0.155,212.73,0.092,390,1
2023-10-24,Sports,South,In-Store,1434.15,71,0.096,3.0,0.026,835.99,0.101,104,1
2023-10-25,Home & Garden,South,Online,1389.27,86,0.125,2.5,0.07,605.6,0.28,0,1
2023-10-26,Books,South,In-Store,1432.1,33,0.102,3.5,0.087,370.66,0.074,60,1
2023-10-27,Clothing,South,Online,1419.71,81,0.012,3.0,0.079,812.71,0.062,269,1
2023-10-28,Clothing,South,Online,1305.16,61,0.389,3.5,0.134,284.19,0.336,179,1
2023-10-29,Books,West,In-Store,1328.69,61,0.088,4.8,0.178,977.23,0.195,223,1
2023-10-30,Home & Garden,North,Mobile App,1435.19,98,0.294,3.6,0.061,377.58,0.1,5,1
2023-10-31,Home & Garden,East,Online,1426.02,28,0.305,4.7,0.11,370.45,0.151,102,1
2023-11-01,Sports,Central,Online,1377.17,43,0.372,4.0,0.158,346.32,0.307,9,1
2023-11-02,Sports,East,Online,1389.76,86,0.012,3.1,0.083,166.01,0.16,70,1
2023-11-03,Electronics,East,Mobile App,1484.0,17,0.349,3.4,0.034,155.58,0.248,89,1
2023-11-04,Clothing,North,Mobile App,1335.74,98,0.211,2.7,0.095,665.7,0.099,225,1
2023-11-05,Sports,North,In-Store,1427.99,98,0.253,3.3,0.011,881.36,0.285,157,1
2023-11-06,Home & Garden,North,Mobile App,1369.07,65,0.258,4.2,0.188,800.99,0.176,227,1
2023-11-07,Books,South,In-Store,1368.74,74,0.328,2.7,0.015,184.05,0.301,404,1
2023-11-08,Home & Garden,West,In-Store,1474.83,85,0.133,3.0,0.088,568.3,0.373,125,1
2023-11-09,Clothing,South,Mobile App,1453.61,5,0.293,3.5,0.106,150.31,0.295,443,1
2023-11-10,Home & Garden,West,In-Store,1453.18,2,0.211,5.0,0.197,93.03,0.168,208,1
2023-11-11,Electronics,West,Mobile App,1492.93,22,0.317,4.5,0.033,673.57,0.152,96,1
2023-11-12,Clothing,East,In-Store,1390.44,112,0.396,4.3,0.023,558.39,0.181,73,1
2023-11-13,Books,East,Mobile App,1443.46,57,0.08,2.8,0.002,127.92,0.116,114,1
2023-11-14,Electronics,West,Mobile App,1364.1,66,0.398,4.5,0.031,83.19,0.122,190,1
2023-11-15,Clothing,West,In-Store,1414.74,74,0.036,4.5,0.041,990.27,0.366,494,1
2023-11-16,Books,South,Online,1378.16,98,0.001,4.0,0.126,78.52,0.204,169,1
2023-11-17,Electronics,South,In-Store,1395.97,144,0.018,5.0,0.044,472.3,0.224,306,1
2023-11-18,Electronics,East,Mobile App,1435.34,112,0.137,3.3,0.004,529.39,0.288,447,1
2023-11-19,Clothing,North,Online,1321.66,125,0.253,4.9,0.165,161.42,0.286,203,1
2023-11-20,Sports,West,In-Store,1553.78,86,0.028,4.8,0.073,210.61,0.077,55,1
2023-11-21,Electronics,South,In-Store,1305.06,76,0.002,2.5,0.071,384.21,0.383,207,1
2023-11-22,Electronics,East,In-Store,1287.43,88,0.375,3.6,0.06,773.59,0.121,40,1
2023-11-23,Books,South,Online,1476.12,38,0.329,4.9,0.195,531.73,0.339,31,1
2023-11-24,Home & Garden,West,Mobile App,1445.59,59,0.324,2.8,0.034,656.01,0.359,14,1
2023-11-25,Clothing,West,In-Store,1430.86,138,0.354,3.9,0.18,985.92,0.336,61,1
2023-11-26,Clothing,Central,In-Store,1429.75,99,0.28,4.9,0.155,779.61,0.282,154,1
2023-11-27,Sports,North,In-Store,1376.94,63,0.042,3.9,0.015,462.64,0.056,283,1
2023-11-28,Sports,Central,In-Store,1304.47,49,0.16,3.0,0.197,474.12,0.194,208,1
2023-11-29,Clothing,East,In-Store,1380.52,32,0.289,4.0,0.054,637.83,0.292,319,1
2023-11-30,Sports,South,Mobile App,1318.39,135,0.112,3.0,0.02,682.1,0.205,493,1
2023-12-01,Books,East,Mobile App,1448.56,21,0.275,3.8,0.166,525.68,0.395,186,1
2023-12-02,Clothing,West,In-Store,1356.67,20,0.01,2.7,0.141,662.62,0.174,497,1
2023-12-03,Sports,Central,Online,1300.17,127,0.122,4.0,0.123,72.36,0.167,441,1
2023-12-04,Clothing,Central,Mobile App,1338.18,68,0.22,3.8,0.031,458.14,0.156,129,1
2023-12-05,Home & Garden,Central,Online,1394.5,110,0.253,4.4,0.096,314.99,0.183,126,1
2023-12-06,Electronics,East,Mobile App,1313.83,116,0.231,4.1,0.156,172.72,0.273,291,1
2023-12-07,Clothing,West,In-Store,1290.53,143,0.279,3.9,0.061,144.57,0.333,113,1
2023-12-08,Electronics,South,Mobile App,1373.08,120,0.002,4.2,0.062,623.03,0.315,198,1
2023-12-09,Sports,South,In-Store,1370.36,79,0.04,2.9,0.001,547.42,0.373,12,1
2023-12-10,Electronics,East,Mobile App,1307.3,116,0.348,4.0,0.035,290.9,0.404,270,1
2023-12-11,Clothing,Central,In-Store,1307.17,92,0.273,2.9,0.175,497.4,0.376,88,1
2023-12-12,Home & Garden,North,In-Store,1360.33,14,0.045,4.8,0.088,517.62,0.058,214,1
2023-12-13,Sports,East,In-Store,1222.75,125,0.337,2.7,0.197,235.26,0.344,443,1
2023-12-14,Clothing,East,In-Store,1222.75,58,0.097,3.6,0.079,669.49,0.133,277,1
2023-12-15,Sports,West,Online,1274.53,28,0.191,4.2,0.143,791.87,0.103,446,1
2023-12-16,Books,South,In-Store,1311.52,26,0.058,3.6,0.056,801.89,0.305,473,1
2023-12-17,Electronics,East,Online,1349.98,113,0.284,2.7,0.073,622.35,0.178,480,1
2023-12-18,Books,East,Online,1439.57,66,0.267,3.9,0.038,536.06,0.073,202,1
2023-12-19,Clothing,Central,In-Store,1386.53,131,0.084,4.1,0.069,107.96,0.105,73,1
2023-12-20,Home & Garden,Central,Online,1301.42,44,0.345,4.3,0.109,323.44,0.05,24,1
2023-12-21,Sports,North,Mobile App,1308.93,97,0.161,3.4,0.198,138.61,0.411,100,1
2023-12-22,Electronics,West,In-Store,1226.43,42,0.117,3.9,0.133,965.63,0.06,175,1
2023-12-23,Sports,North,Online,1301.26,6,0.061,3.6,0.04,178.33,0.134,426,1
2023-12-24,Clothing,Central,In-Store,1275.71,23,0.106,4.2,0.009,194.19,0.217,116,1
2023-12-25,Sports,South,In-Store,1320.63,89,0.009,4.0,0.025,895.1,0.193,165,1
2023-12-26,Electronics,Central,In-Store,1224.59,123,0.233,3.8,0.113,946.73,0.415,40,1
2023-12-27,Clothing,West,Online,1328.22,147,0.337,3.1,0.153,777.54,0.066,428,1
2023-12-28,Sports,Central,Mobile App,1405.16,51,0.22,2.5,0.188,55.13,0.255,343,1
2023-12-29,Home & Garden,West,Mobile App,1269.66,11,0.088,2.9,0.003,51.28,0.322,423,1
2023-12-30,Clothing,West,Online,1306.28,12,0.013,2.8,0.105,409.2,0.423,365,1
2023-12-31,Clothing,West,In-Store,1325.1,74,0.086,3.6,0.094,186.23,0.298,119,1
